{"pq": 0.8659457206817256, "pq_dagger": 0.8732103177694394, "sq_mean": 0.9135332253387004, "rq_mean": 0.9456008202213256, "miou": 0.8718743294045673, "pq_stuff": 0.8190822512151907, "rq_stuff": 0.9187744524983382, "sq_stuff": 0.8894059019153153, "pq_things": 0.9303829911982116, "rq_things": 0.9824870758404338, "sq_things": 0.9467082950458551, "data_time": 0.007892215436402717, "time": 0.12751158207354807}